Hdd10Aa1,,AfIP-1B,KU495733,2017,MDIEAKSINPLMGITVGSTVLGNDFKPSVLINPITRMITQKEIEMGMSGKSQYVYTDSLNEGTIGFSGAYGPSGIAKFTSAVAVSVSNATASEYKSIKVSYNISMISGIEYIDFDNLTVEDVLNSLSAGPKNLSLKVLEKFIAARDCSGSSIEKDELMKEWVKSLQNFISSYGDGLVVGAIWGGMGSVSTEMTSKKTEDSWKYGETAEFSYSGIGSSVSIAQTYNGSQKDQSSEVEVSCKALASGGCVESQVNSWFDVVANKSFAEISGISLLDKAPMQSSVSPPPKIPDFLKPEKNAEITEKLDTIKKLGDSEEFALASGYEEAKKTNPNLTFEEFKSTVRDKNNIDGLNELASKVQENSLDVLAEGSISRRNKNLSLQGVRTISLDSSSDYAVLGAWIANWSDIFPWMSMGYMNEISDAEVAEYILKIRCMMQDLSTLNTIYNTFNACNIKLDFCHLNSASQVADSFKIAQGVLSDNVESDDAVEIAFNSLSDEAKKIYTAWNEIGFLRNAELGLGLLIGDQSVSSEIIDVKPIPYPEVTYKAAYCSYGNNNPTAFSSFIKMLPFIDTNGDIYAFGPSLMLLRKALPEKMIFTKGGEMAMKLTADKDTGILTNDSVKLIPIPYSAAKGIQWRGQGQGRSLASSQSLQDQFAALEKELGNLNICTLSSDSWSKDWTYTVPYTLRKISTTYIGTVEKINSIFG,1,Alcaligenes faecalis,DDMC-P4G7,Yalpani et al,Poss Mpf,"wcr, NCR, SCR","Ostrinia nubilalis
Helicoverpa zea
spodoptera frugiperda
Agrotis ipsilon",,,Acts withAfIP-1A (but is not Cry35-like).  HHPRED finds regional similarity to MACPF,1,None
Hdd11Aa1,,"monalysin
PSEEN3174",YP_608728.1,2011,MTIKEELGQPQSHSIELDEVSKEAASTRAALTSNLSGRFDQYPTKKGDFAIDGYLLDYSSPKQGCWVDGITVYGDIYIGKQNWGTYTRPVFAYLQYVETISIPQNVTTTLSYQLTKGHTRSFETSVNAKYSVGANIDIVNVGSEISTGFTRSESWSTTQSFTDTTEMKGPGTFVIYQVVLVYAHNATSAGRQNANAFAYSKTQAVGSRVDLYYLSAITQRKRVIVPSSNAVTPLDWDTVQRNVLMENYNPGSNSGHFSFDWSAYNDPHRRY,1,Pseudomonas entomophila,,Opota el al,monalysin,"Drosophila melanogaster, Lygus hesperus, brown marmorated stink bug, southern green stink bug, DBM, wcr, soy bean looper, velvet bean caterpillar, corn ear worm, fall army worm, black cut worm,  pea aphid","black bean aphid, european corn borer, colorado potato beetle",haemolytic,"4mkq, 4mko",aerolysin fold but missing receptor binding domain,1,None
Hdd12Aa1,,Pip-1A,WO 2014/008054 A2 ,2014,MPIKEELSQPQSHSIELDDLKSEQGSLRAALTSNFAGNFDQFPTKRGGFAIDSYLLDYSAPKQGCWVDGITVYGDIFIGKQNWGTYTRPVFAYLQYMDTISIPQQVTQTRSYQLTKGHTKTFTTNVSAKYSVGGSIDIVNVGSDISIGFSNSESWSTTQTFSNSTQLTGPGTFIVYQVVMVYAHNATSAGRQNGNAFAYNKTNTVGSRLDLYYLSAITQNSTVIVDSSKAIAPLDWDTVQRNVLMENYNPGSNSGHFSFDWSAYNDPHRRY,1,Pseudomonas chloraphis,SS44C4,,monalysin,"Lygus hesperus, brown marmorated stink bug, southern green stink bug, DBM, wcr, soy bean looper, velvet bean caterpillar, corn ear worm, fall army worm, black cut worm, pea aphid",,,,,1,None
Hdd13Aa1,,CpbA,KY124461 ,2017,MKRLKKVKSKIVISVLAVGLIGSLGTAFAAVDVGGQLKNWYDKQFAASSASITAEALKYGTEKKAATEAELNKIKNQVADRVKQAGSEEANRAVAAVTAAKNDYLNALRGKTNEIKGNMQNQYNQKVEGLKQEITKAANQTKVNSIVDLTNKVNQAGELGRQEVKTNVTSAQDKAKQELTSAINDAKKTINGLIREKEASSKEETKRFIDEKVAEIQKVVDESAKLLEKQAKDSIKDTGAKAEKDAKNSLDQLVADQFK,1,Brevibacillus laterosporus,UNISS18,Marche et al,none,Musca domestica,,,,,1,None
Hdd14Aa1,,CpbB,KY124462 ,2017,MKISPLCRRFAEILNAKPTVVNGVCTAQTLRTNIKPTILGRRSKSPLTIPQFHSFESIKKNGRALCLGETVILTNEINPYISRLREHGIKVTALHNHWLFTNPNLWYIHYEKIEKPLVFAKSVRDALKVLTKEIVRPCK,1,Brevibacillus laterosporus,UNISS18,Marche et al,DUF1529,Musca domestica,,,,,1,None
Hdd15Aa1,,CHRD,KY124463 ,2017,MTIQFQAKLRGSEEVPPVLTNASGTATFQLSADNSRLDFRLSLHDLRDLTQAHIHIGVRGVNGPIVVFLFGPVQRGISVCDAVVTGSITSADLVGPLQGRTLAELIQLMLRGETYVNAHTTQHPGGEIRGQVRRVEKVCICKC,1,Brevibacillus laterosporus,UNISS18,Marche et al,CHRD,Musca domestica,,,,,1,None
Hdd16Aa1,,ExsC,KY124464 ,2017,MVRILDYNATQPLDRFDIAQSFTINSTPNRTDLANIKIRIPHSCAVPNRVELVATVGVRGITNISQILFRIFRDGIEIFNTLVGIESTDSEQNYVVTFQAIDSNVRSGCHVYSLTAENLAPDTRADVVGPISFSGLAIQTRH,1,Brevibacillus laterosporus,UNISS18,Marche et al,none,Musca domestica,,,,B_lat exosprium protein ExsC,1,None
Hdd17Aa1,,Pmp1,WP_150887772.1,2019,MLQIRVFNYNDPIDGENIVELRYHNRSPVKAFQIVDGIWIIPERYNFTNDTKKVPDDRALTILEDEVFAVRENDYLTTDVNEKNSFLNNITKLFKRINSSNIGNQLLNYISTSVPYPVVSTNSIKARDYNTIKFDSIDGRRITKSANVLIYGPSMKNLLDKQTRAINGEEAKNGIGCLSDIIFSPNYLSVQTVSSSRFVEDPASSLTHELIHALHNLYGIQYPGEEKFKFGGFIDKLLGTRECIDYEEVLTYGGKDSEIIRKKIDKSLYPDDFVNKYGEMYKRIKGSNPYYPDEKKLKQSFLNRMNPFDQNGTFDTKEFKNHLMDLWFGLNESEFAKEKKILVRKHYITKQINPKYTELTNDVYTEDKGFVNGQSIDNQNFKIIDDLISKKVKLCSITSKNRVNICIDVNKEDLYFISDKEGFENIDFSEPEIRYDSNVTTATTSSFTDHFLVNRTFNDSDRFPPVELEYAIEPAEIVDNTIMPDIDQKSEISLDNLTTFHYLNAQKMDLGFDSSKEQLKMVTSIEESLLDSKKVYTPFTRTAHSVNERISGIAESYLFYQWLKTVINDFTDELNQKSNTDKVADISWIIPYVGPALNIGLDLSHGDFTKAFEDLGVSILFAIAPEFATISLVALSIYENIEEDSQKEKVINKVENTLARRIEKWHQVYAFMVAQWWGMVHTQIDTRIHQMYESLSHQIIAIKANMEYQLSHYKGPDNDKLLLKDYIYEAEIALNTSANRAMKNIERFMIESSISYLKNNLIPSVVENLKKFDADTKKNLDQFIDKNSSVLGSDLHILKSQVDLELNPTTKVAFNIQSIPDFDINALIDRLGIQLKDNLVFSLGVESDKIKDLSGNNTNLEVKTGVQIVDGRDSKTIRLNSNENSSIIVQKNESINFSYFSDFTISFWIRVPRLNKNDFIDLGIEYDLVNNMDNQGWKISLKDGNLVWRMKDRFGKIIDIITSLTFSNSFIDKYISSNIWRHITITVNQLKDCTLYINGDKIDSKSINELRGIDNNSPIIFKLEGNRNKNQFIRLDQFNIYQRALNESEVEMLFNSYFNSNILRDFWGEPLEYNKSYYMINQAILGGPLRSTYKSWYGEYYPYISRMRTFNVSSFILIPYLYHKGSDVEKVKIINKNNVDKYVRKNDVADVKFENYGNLILTLPMYSKIKERYMVLNEGRNGDLKLIQLQSNDKYYCQIRIFEMYRNGLLSIADDENWLYSSGWYLYSSGWYLDNYKTLDLKKHTKTNWYFVSEDEGWKE,1,Paraclostridium bifermentans,subsp malaysia,Contreras,BoNT family.  ,Anopheles coluzzi,,,6hox,Orally active Vs Anopheles and not Aedes aegypti but injection toxic to both.  May require other proteins eg NTNH for activity/stability.  Pmp1 cleaves mosquito syntaxin as a metallo proteinase,1,None
Hdd18Aa1,,Cbm17.1,CAA71483.1,1998,MNNNCEVNCENTEENKSNRAYRQWVKFHIEAVNEGLKIRNASLKWGKFHDPNNKDIPISPEDISKINIEKHDTAIIASSGKENTASGTEGVFYICDENEDKIAAIYWDCPWSGSNKLTIDKYNTKFAIEQSPTMISSSGAIGDVNLKVSKIWA,1,Paraclostridium bifermentans,subsp malaysia CH18,Barloy et al,Af haemolysin,Aedes aegypti,,,,"related to a haemolysin from Aspergillus fumigatus but not haemolytic themselves.  Accoring to Qureshi et al 2014, these are essential, along with Cry16 and Cry17 for Aedes toxicity",1,None
Hdd19Aa1,,Cbm17.2,CAA71484.1,1998,MNNNCEVNCENTEENKSNRAYRQWVKFHIEAVHSNLKIRNASLTWGKFHDPYNKDIPISPEDISKINIGIGRIEIIASSGKENTASGTEGVFYICDEHEEKIVTVYWDCPWSGSNKFELRDKNPNFIIETYPTMISSSGAIGDVNIRVFRRF,1,Paraclostridium bifermentans,subsp malaysia CH19,Barloy et al,Af haemolysin,Aedes aegypti,,,,"related to a haemolysin from Aspergillus fumigatus but not haemolytic themselves.  Accoring to Qureshi et al 2014, these are essential, along with Cry16 and Cry17 for Aedes toxicity",1,None
Hdd1Aa1,,anthrolysin,ZP_03231124,,MIFLNIKKNTKRRKFLTCLLVSLCTINYSSISFAETQASNVTDVTKNASGINTGIANLKYNNQEVLAVNGDKVESFVPKESINSNGKFVVVEREKKSLTTSPVDISIIDSVVNRTYPGAVQLANKAFADNQPSLLVAKRKPLNISIDLPGMRKENTITVQNPTYGNVAGAVDDLVSTWNEKYSTTHTLPARMQYTESMVYSKSQIASALNVNAKYLDNSLNIDFNAVANGEKKVMVAAYKQIFYTVSAELPNNPSDLFDNSVTFDELTRKGVSNSAPPVMVSNVAYGRTIYVKLETTSKSKDVQAAFKALLKNNSVETSGQYKDIFEESTFTAVVLGGDAKEHNKVVTKDFNEIRNIIKDNAELSLKNPAYPISYTSTFLKDNATAAVHNNTDYIETTTTEYSSAKMTLDHYGAYVAQFDVSWDEFTFDQKGNEVLTHKTWDGSGKDKTAHYSTVIPLPPNSKNIKIVARECTGLAWEWWRTIINEQNVPLTNEIKVSIGGTTLYPTASISH,1,Bacillus cereus,,,,,"tox not shown?
Do not add at this time",,,,1,None
Hdd20Aa1,,A24tox,AX029373,2004,MVIKPVTTPSVIQLTPDDRVTPDDKGEYQPVEKQIAGDIIRVLEFKQTNESHTGLYGIAYRAKKVIIAYALAVSGIHNVSQLPEDYYKNKDNTGRIYQEYMSNLLSALLGENGDQISKDMANDFTQNELEFGGQRLKNTWDIPDLENKLLEDYSDEDKLLALYFFASQELPMEANQQSNAANFFKVIDFLLILSAVTSLGKRIFSKNFYNGLETKSLENYIERKKLSKPFFRPPQKLPDGRTGYLAGPTKAPKLPTTSSTATTSTAASSNWRVSLQKLRDNPSRNTFMKMDDAAKRKYSSFIKEVQKGNDPRAAAASIGTKSGSNFEKLQGRDLYSIRLSQEHRVTFSINNTDQIMEIQSVGTHYQNI,1,Xenorhabdus nematophila,A24,Brown et al,Txp40,"Galleria mellonella, Helicoverpa armigera",,,,C-term similarity to some toxins by HHPRED no clear group,1,None
Hdd21Aa1,,Txp40,AWM11673,2018,MVIQLTPDDRSGYQPVEKQIAGEIIRVLNFKQTDEGYTASHGVEYRAKKIILAYALAVSGIHDVSQLPGDYYKNKETAEGIYQEYMSNLSSALLGENGDQISKDMADGFYKNELDFEGEYPQNIWNIPDLENKPLSDYLDDDKLLALYFFAAQEIPLEENQQSNAARFFKLIDFLFILSAVTSLGRRIFSKNFYNGLESKSLENYIERKKLSKPFFRPPQKLPDGRIGYLAGPTEPPKWRVSFQELKKNRARNGFANMDGAAKQKYSSFVKEVQKGNDPLTAAKSVGTASGSNLEKLPNNLFSVRLSQKDRVTFTQNNTENTITIHSVGTHYKNI,1,Photorhabdus akhurstii,IARI‚ÄêSGMG3,Mathur et al,Txp40,"Helicoverpa armigera, Spodoptera litura, Spodoptera exigua, Galleria mellonella",,,,,1,None
Hdd22Aa1,,PC,,2015,"sequence not readable from their figure, not in ncbi",1,Bacillus bombysepticus,,Lin et al,,"Bombyx mori, Helicoverpa armigera",Spodoptera frugiperda,,,Seems to interact with Bt-R175,1,None
Hdd23Aa1,,PIP-47Aa,KY982916,2018,MHAPGAIPSEKESAHAWLTETKANAKSTALRGNIFAQDYNRQLLTATGQSMRSGADAINPFFSPAKGTATGSYAKDADANVSPGSAPVSIYEGLQTAIDIARRRSGYNPLDQPTDQKPKSAGDREHFIAFTQQIAEIPFLSLLAAQVTQIQQKSHDANALVDSFVKGFIGLKNQDVEQIKQSLSSLVNAALSYSEQTERQSNFNQNILQTGDSGSVNFMLYASEFTIKASSHKGTITFQSSYTLSQAIYQLSVESWNNVKDVFSKQQKTDTQQWLGDTTTQVREGSKLRAICLVS,1,Pseudomonas mosselii,SS61E1,Wei,,"Diabrotica vergifera vergifera, Diabrotica barberi, Diabrotica undecimpunctata howardi, Diabrotica speciosa, Phyllotreta cruciferae","Coleomegilla maculata, Agrotis ipsilon, Helicoverpa zea, Spodoptera frugiperda, Pseudoplusia includens, Ostrinia nubilalis, Lygus hesperus, Nezara viridula",,,,1,None
Hdd24Aa1,,PIP-47Ba,,,MNAPGAAPSEKEVAHAWLEGKARVKSTTAHGNIFAHDYNHPHQLTSTGRAMRTGADAINPFFSPAAGAATDSYANDANKNVSPGKAPVSIYEGLQTAIDIARRRSEYNPLDQPTDQRPKAKGDREHFIAFTQQIAEIPFLSLLAAQVTQIQQKSHDANALIDSFVKGFIGLAAKDVEQIKKSLSSLVNAALSYSEQTERQSNFNQNILQTGIAGSVNFMLYASEFTIKATSKKGTITFQSSYTLSQAVYQLSVESWENVRDVFAKQQKTDTQQWLGDTTTPVKPGSSLRAICLVS,1,,,,,Diabrotica vergifera vergifera,,,,HHPRED predicts homology with Cyt at C-terminal half -nothing for N-terminal half,1,None
Hdd25Aa1,,PIP-47Bb,,,MHAPTVKELAHAWLTETTAKANSTIVRGNIFAHEYNHQLLTPTGLSMRSGADAINPFYSPASGAATDSYAKDANNNVSPGSAPVSIYEGLQTSIDIARRRSGYNPLDQPTDQKPKAAGDREHFIAFTQQIANIPFLSLLAAQVTQIQQKSHDANALVDSFVKGFIGLKNQDVEQIKQSLSSLVNAALSYSEQTERQSNFNQNILQTGNGGSVNFMLYASEFTIKASSHKGTITFQSSYTLSQAIYQLSVESWNNVKDTFSKQQKTDTEQWLDDTTTPVKEGSKLRAICLVG,1,,,,,Diabrotica vergifera vergifera,,,,,1,None
Hdd26Aa1,,App6-associated CDS1,,,MNNNSKFLFSPINANGNNPYFLDVDNWKDVFCYLVNTLEMKYTKVVNKSQLIDALFPDPNDQRIGPFYWNIYDNYKLDNVLKPLYDFHSSLLGNILEWGLFGTIRMGSLAYHIQDFVNIICVKHINEFNQIIDDLQQDNVSTKTVDKFRNICIELRTKSLLFPQEVNKILDASRNLANNLIKVNAILDSTVQQFENVYQSSQSNNDKYYLRIVKEYLGNEQQDLEKQTPNHLNTLQKLRGIWTVFGDNLEKLIHACDDDLIDFDAMIASINLEDAITSWKEVKNNIDKFIPEWEIFKKQGC,1,,,,,,,,,App6-associated CDS1,1,None
Hdd27Aa1,,App6-associated CDS2,,,MNNINKKYRLNDMINKNQFIISKTEWVTIRTYIEIGLTLPVNEQDLRKYFNLNPDITLSNDFSELFDICYSIKNLAQWWNTTILPLIIKSVNNITSYGFKIAGNPFNNKEGYFSKLQNELHIINNYNSNKTTKTIKQFQSRCNILIKEVKQYEDVTKNIVILLNKLLYGNQQKLEGIINIQKRLKVVQTTFNPISNETNLIYKKLFEKIKKINIGFFECVNKYISIFNKIIIMWSNTEQQIIDFKSILFQEFKNINETVIEFEDIIEIWLIIAKKSREFTLNAYIS,1,,,,,,,,,App6-associated CDS2,1,None
Hdd28Aa1,,App6-associated CDS3,,,MKKIFLSSFNSNPYGLNASDYKNFDQLLNHTQVYILATEMINELTLAANILMFYGPGDNDHLEYEFNKIYNTYDLGSVFGPYYHIRANKVANPLLTDIKNVIQNMQYFLESTPGMLISPTLEKINKTISNLLDEIDLEFNKQNFIELCTEFNQGALQFYNTLLPIINTNSAYLTWMEQMKGTVKNIQVTLQAIYTQSPYLNYTLAWANHSLNDVFQSLNFNSFQKLQGSLHTILLELEKLTTVGSEYFNLDFNDGGIAVEASITLEDILIDWENIQNSIDTFLNLM,1,,,,,,,,,App6-associated CDS3,1,None
Hdd29Aa1,,HblB,,,MLEENEMIKKIPYKLLAVSTLLTITTANVVSPVTTFASEIEQTNNEDTALSANEVRMKETLQKAGLFAKSMNAYSYMLIKNPDVNFEGITINGYVDLPGRIVQDQKNARAHAVTWDTKVKKQLLDTLNGIVEYDTTFDNYYETMIEAINTGDGETLKEGITDLRGEIQQNQKYAQQLIEELTKLRDSIGHDVRAFGSNKELLQSILKNQGADVDADQKRLEEVLGSVNYYKQLESDGFNVMKGAILGLPIIGGIIVGVARDNLGKLEPLLAELRQTVDYKVTLNRVVGVAYSNINEMHKALDDAINALTYMSTQWHDLDSQYSGVLGHIENAAQKADQNKFKFLKPNLNAAKDSWKTLRTDAVTLKEGIKELKVETVTPQK,1,,,,,,,,,HblB,1,None
Hdd2Aa1,,Btk_alveolysin,ZP_04117355,,MIFLNIKKNTKRRKFLACLLVSLCTINYSSISFAETQASNATDVTKNASGIDTGIANLKYNNQEVLAVNGDKVESFVPKESINSNGKFVVVEREKKSLTTSPVDISIIDSVVNRTYPGAVQLANKAFADNQPSLLVAKRKPLNISIDLPGMRKENTITVQNPTYGNVAGAVDDLVSTWNEKYSTTHTLPARMQYTESMVYSKSQIASALNVNAKYLDNSLNIDFNAVANGEKKVMVAAYKQIFYTVSAELPNNPSDLFDNSVTFDELTRKGVSNSAPPVMVSNVAYGRTIYVKLETTSKSKDVQAAFKALLKNNSVETSGQYKDIFEESTFTAVVLGGDAKEHNKVVTKDFNEIRNIIKDNAELSLKNPAYPISYTSTFLKDNSTAAVHNNTDYIETTTTEYSSAKMTLDHYGAYVAQFDVSWDEFTFDQKGNEVLTHKTWDGSGKDKTAHYSTVIPLPPNSKNIKIVARECTGLAWEWWRTIINEQNVPLTNEIKVSIGGTTLYPTASISH,1,BT kurstaki,,,,,"tox not shown?
Do not add at this time",,,,1,None
Hdd30Aa1,,HblL1,,,MKKFPFKVLTLATLATVITATTGNTIHAFAQETTAQEQKVGNYALGPEGLKKALAETGSHILVMDLYAKTMIKQPNVNLSNIDLGSEGGELLKNIHLNQELSRINANYWLDTAKPQIQKTARNIVNYDEQFQNYYDTLVETVQKKDKAGLKEGINDLITTINTNSKEVTDVIKMLQDFKGKLYQNSTDFKNNVGGPDGKGGLTAILAGQQATIPQLQAEIEQLRSTQKKHFDDVLAWSIGGGLGAAILVIAAIGGAVVIVVTGGTATPAVVGGLSALGAAGIGLGTAAGVTASKHMDSYNEISNKIGELSMKADRANQAVLSLTNAKETLAYLYQTVDQAILSLTNIQKQWNTMGANYTDLLDNIDSMQDHKFSLIPDDLKAAKESWNDIHKDAEFISKDIAFKQE,1,,,,,,,,,HblL1,1,None
Hdd31Aa1,,HblL2,,,MKTKIMTGFLITSIVTGATIPINTLATPIVQAETQQENMDISSSLRKLGAHSKLVQTYIDQSLMSPNVQLEEVPALNTNQFLIKQDMKEWSSELYPQLILLNSKSKGFVTKFNSYYPTLKLFVDNKEDREGFSDRLEVLQEMAMTNQENAQRQINELTDLKLQLDKKLKDFDTDVATAQGILSTDGTGKIDQLKNEILNTKKAIQNDLQQIALIPGALNEQGFAIFKEVYSLSKEIIEPAAQAGVAAYNKGKEINNSILEAEKKAAQEATEQGKTALEIESAKKAAREAIEKSKQGEIAAAAAAKTQEYDLMKAIDTEKIKKTFGVFAEVNKLTAEQRAYLDDLEKQNQKIYDLTTKLSIADLQKSMLLLTQNDLHTFANQVDVELDLLKRYKEDLNLIKNSITKLSTNVDTTNEQSQKDTLRQLKNVISYLEEQVYKF,1,,,,,,,,,HblL2,1,None
Hdd32Aa1,,NheA,,,MKKTLITGLLVTAVSTSCFIPVSAYAKEGQTEVKTVYAQNVIAPNTLSNSIRMLGSQSPLIQAYGLIILQQPDIKVNAMSSLTNHQKFAKANVREWIDEYNPKLIDLNQEMMRYSTRFNSYYSKLYELAGNVNEDQQAKADLMSAYGKLQLQVQSIQESMEQDLLELNRFKTVLDKDSNNLSIKADEAIKTLQGSSGDIVKLREDIKRIQGEIQAELTTILNRPQEIIKGSINIGKQVFTITNQTAQTKTIDFVSIGTLSNEIVNAADSQTREAALRIQQKQKELLPLIQKLSQTEAEATQITFVEDQVNSFTELIDRQITTLETLLTDWKVLNNNMIQIQKNVEEGTYTDSSLLQKHFNQIKKVSDEMNKQTNQFEDYVTNVEVH,1,,,,,,,,,NheA,1,None
Hdd33Aa1,,NheB,,,MTKKPYKVMALSALMAVFAAGNIMPAHTYAAESTVKQAPVHAVAKAYNDYEEYSLGPEGLKDAMERTGSNALVMDLYALTIIKQGNVNFGNVSSVDAALKGKVIQHQDTARGNAKQWLDVLKPQLISTNQNIINYNTKFQNYYDTLVAAVDAKDKATLTKGLTRLSSSINENKAQVDQLVEDLKKFRNKMTSDTQNFKGDANQITSILASQDAGIPLLQNQITTYNEAISKYNAIIIGSSVATALGPIAIIGGAVVIATGAGTPLGVALIAGGAAAVGGGTAGIVLAKKELDNAQAEIQKITGQVTTAQLEVAGLTNIKTQTEYLTNTIDTAITALQNISNQWYTMGSKYNSLLQNVDSISPNDLVFIKEDLNIAKDSWKNIKDYAEKIYAEDIKVVDTKKA,1,,,,,,,,,NheB,1,None
Hdd34Aa1,,NheC,,,MQKRFYKKCLLAVMIAGVATSNAFPLHPFAAEQNVKVLQENVKNYSLGPAGFQDVMAQTTSSIFAMDSYAKLIQNQQETDLSKISSINSEFKGNMIQHQRDAKINAAYWLNNMKPQIMKTDQNIINYNNTFQSYYNDMLIAIDQKDSGKLKADLEKLYADIVKNQNEVDGLLGNLKSFRDRMAKDTNSFKEDTNQLTAILASTNAGIPALEQQINTYNDSIKKSNDMVIAGGVLCVALITCLAGGPMIAVAKKDIANAEGEIANLKDRISGAQAEVVILTDVKNKTTNMTETIDAAITALQNISNQWYTVGAKYNNLLQNVKGITPEEFTFIKEDLHTAKDSWKDVKDYTEKLHEGVAK,1,,,,,,,,,NheC,1,None
Hdd35Aa1,,B_cereus cytolysinK,,,MKRSKTYLKCLALSAVFASSALALSTPAAYAQTTSQVVTDIGQNAKTHTSYNTFNNDQTDNMTMSLKVTFIDDPSADKQIAVINTTGSFLKANPTISSAPIDNYPIPGASATLRYPSQYDIAFNLQDNSARFFNVAPTNAVEETTVTSSVSYQLGGSVKASATPNGPSAEAGATGQVTWSDSVSYKQTSYKTNLIDQTNKNVKWNVFFNGYNNQNWGIYTRNSYHSLYGNQLFMYSRTYLYESDAKGNLIPMDQLPALTNSGFSPGMIAVVISEKNTDQSNLQVAYTKHADDYQLRPGFTFGTANWVGNNVKDVDQKTFNKLFTLDWKNKKLVEKK,1,,,,,,,,,B_cereus cytolysinK,1,None
Hdd36Aa1,,TcA Bt IBL200,,,MSTTENNVGIFQIGTDRLTVTLNQSGYQTVFDITSESYLEFEENNPEIPSSDAKEIYKLAVKRTENLRMLFKAWQLHNDPIFKDIPKLSSNIGMQGMRSALKRSLGGGANFEDLFPERSLEGYAESSSIQSLFSPGRYLTVLYKIARQLHSTEDKLHIDNRRPDLQSLVLSEDNMNKEVSSLDILLDVLQPEDFNTLKTLKDTYYPMNLPYDDDLTQINAVAEAHSTNLIGIWDILLDKQQKSILQDVNTFPRISKKRRDSLSNTPESLELIEGEEFYLEAKGKQIYFANVMETAYTISTHITVGKPQAAATAPAKFQLIYDIKRGDYFLRVAENISIDGKSLKDCYLTSDNGEHNGKKGFYCLMKNPRNNFPVKIERLTDTSIRIFVPQSGYWGPGETVASHWENPLALNLDLAEALTFTLKKNETGGETISVSEVMPPVADTTPSPPARETLSLTPNSFQLLVNPNPTVEDIANHYDVKATKNLDSTDLTTVLNNVDNFCLKTSLSFNKLLELTMQKDYQTKSGEYKSRFLKFSSTENVPVSTYGAAFLTGTEQIPLWVKQYNGKGNATNTPVLNFTADNVVDLAGRAEKLVRLEHSTDLSFEQLDWIITNASKSIFEHGKNIILDKPVLGAIAEYKKFNNHYGITSDMFVTFIGEINTYAEEGKNSFYQDTFSNVDGTTVPLGASLQFAIDKQGLYESICCGAMGVTADEFSRIGAYCFGDATQQITADEASIAQLYRLGKIPQMLGLSFREAELLWKTMASGKDTLLRNIGANPHSLQTLDIIRRTEVLLDWMDTHQLDVVSLQVMITNQYSSTATPELYNFLKNVYQSTISVERTSRISNHKSMPAEKMSRALAAGFNLKVNVMGKVMKWMDKAQPTFMSQDFYTKLHWYFSTDHEDELTTLEKHPELLEWCQKVSQYVLIVRWSGLNEQELTMMIEHPDWLLEGYDTVPQPSLHLLLILSRLKEWEQRVQVSSDEAIRYFAQANSKNINSDAAVKLLAHIHGWNEEGTSSMNNYLFGDDSYPKNFEQVFTLESWVNLGKQLNVGSRTLGELVDLVEENETAESTDLIISVAQALMATVQSEK,1,,,,,,,,,TcA Bt IBL200,1,None
Hdd37Aa1,,TcB Bt IBL200,,,MSNSTVLQSIKESRRDVLVDHYIANNVPKDLTDKITDAESLYEYLLLDTKISDLVKTSPIAEAISSVQLYINRCIQGYEGELTTQSKSHFAPGKFLSNWDNYNKRYTTWSGKERLKYYAGSYIDPSSRYNKTNLFKNLEQSISQGRLTEESIKNALHNYLDEYETLANLEYISVNKGDGEDAESVLFFVGRTQTFPYEYYWRSLILKKNSNNILIPEKWTQWEKITANIGEAVDSYVVIYCYKKRLHVQWSSSEKKQNINKESIDIQYLNDWVMNSSGVWSAFQKSPFKSFDYIPNSITGFSKENIHIVDNKVICDDPNSIKVKVTSLPGNRVRIYFEKIYNSELSGSTLSFWPALSSDPEINEGEQKDYIIDFDSEPYYGLLVRLNFDQKEYYFSVLYYPSPYQELYGSIINDQFIPPSNSKIIEPISLTLKNNIDLANLCENSIDTLFEYTVQGELGDTIAFYGPYGIYLWEIFFYIPFLIAVRLLIEQRYELVERWYKFIFNSAGYRDENGNLLKDKNGNVRYWNVVPLQEDTEWDETLSLAITDPDEIAMADPMQYKLAIFIHTLDFLINRGDHAYRMLERDTLTEAKMYYIQAKQILGPRPEIRINNSWDNPTLQSEAGAMTAEPTRNNLDITPIMQLQAFLKSENGHFLSPYNDELLAFWDKIELRLYNLRHNLSLDGQPLNLPLFVEPMNPRDLQIQYSTGDGMGGSVASSQSSQSIYRFPIVIDKARTAVNSVIQFGSALENAFAKQDTEAMTLLLQSQQQVILQQTRDMQEKNLDSLQASLEATTIAKASAESTKTHYAGLVENWMSDNETSSLKLRSDAGIIHTSSEVAMTIAAALDMAPNVFGMAVGGSRWGAASTAVAQGLQISANVMEQTANIMDISESYRRRREDWMLQRDAAEAEESQLNLQIKALQEQINMARKQIFLSETEQAHAQAIYQLQCTRFSSQALYNWMVGRLSSLYYQMYDATLSLCFMAKNALEKELGKDKTTGMFTLPAWDDLYQGLLAGEMLMVELQKLENLWLEENKWGMEAVKTVSLDTLIRKKNPEFAFVDLVQEVLSGKIPEGVSGIEVKLQNNIFSASLDLSSLGLENSYNLKEKNRKIKNLSVTLPALLGPYQDVEATLSLGGETVTLSHGVDDSGLFITDFNDSRFLPFEGMNLLSGTLTLAIFHTGKDGDQRSLLESLNDVIFHIRYVMK,1,,,,,,,,,TcB Bt IBL200,1,None
Hdd38Aa1,,TcC,,,MQDSPEVSITTLSLPKGGGAINGMGEALSAAGPDGMATLSLPLPLSTGRGTAPGLSLLYSSSAGNGPFGIGWQCGVMTISRRTQHGIPQYGNDDTFLSPQGEVMNIALNNQGQPDIRQDVKTLQGVTLPISYTVTRYQARQIVDFSRIEYWQPASGQEGRAFWLISSPDGQLHILGKTAQACLANPQNDQQIAQWLLEETVTPTGEHVSYQYRAEDETHCDDNEKTAHPNATAQRYLVQVNYGNIKPQTSLFVLDNTPPTPEEWLFHLVFDHGERDTSLHTVPKWDAGTAQWPVRQDIFSRYEYGFEVRTRRLCQQVLMFHRTALMAGEAGTSDAPELVGRLILDYDRNASVTTLIAARQLSHEPDGSPITLPPLELAWQRFNLEKMPTWQRFDALDNFNSQQRYQLVDLRGEGLPGMLYQDRGAWWYKAPQRQEDGDSNAVTYDKIAPLPTLPSLQDNASLMDINGDGQLDWVITASGIRGYHSQQPDGKWTHFTPINALPVEYFHPSIQFADLTGAGLSDLVLIGPKSVRLYANQRNGWRKGQDVPQSTGITLPVTGTDARKLVAFSDMLGSGQQHLVEIRANRVTCWPNLGHGRFGQPLTLPGFNQPETSFNPERLFLADIDGSGTTDIIYAQSGSLLIYLNQSGNQFDAPLTLALPEGVQFDNTCQLQVADIQGLGIASLILTVPHMAPHHWRCDLSLTKPWLLNVMNNNRGAHHTLHYRSSAQFWLDEKLQLTKAGKSPACYLPFPMHLLWHTEIQDEISGNRLTSAVSYSHGVWDGKEREFRGFGCVKQTDTTTFSHGTAPEQAAPSLSISWFATGIDDVDSQLATEYWQADTQAYSGFETRYTVWDNANQTDQAFTPNETQRNWLTRALKGQLLRTELYGLDGTDSQTVPYTVSESRYQVRSIPVEKETELSAWVTAIENRSYHYERIISDPQLSQSIRLQHDIFGQSLQSVDIAWPRREKPAVNPYPPTLPEALFDSSYDDQQQRLRLVRQKNSWHHLTDGENWRLGLPNAQRRDVYTYDRTKIPTEGISLEVLLKADGLLADEKAAVYLGQQQTFYTAGQSEVTLEKPTLQALVAFQETAMMDDTSLQAYEGVIEEQGLNTTLTQAGYQQVARLFNTGSESPVWVARQGYTDYRDATQFWRPQTQRNSLLTGKTTLTWDTHHCVIIQTQDAAGLTTQARYDYRFLTPVQLTDINDNQHIVTLDALGRVTTSRFWGTEAGQATGYSNQPFTPPDSVDKALALTGVLPVAQCLVYAVDSWMPLLSLSQLSQSPEEAEALWAQLRAAHMVTEDGKVCALGGKRGIGQQNLTIQLISLLASIPRLPPHVLGITTDRYDNDPQQQHQQTVSFSDGFGRLLQSSVRHEPGDAWQRKEDGGLVVDANGALVSAATDTRWAVSGRTEYDDKGQPVRTYQPYFLNNWRYVSDDSARDDLFADTHLYDPLGREYKVITAKKYLREKQYTPWFIVSEDENDTASRTP,1,,,,,,,,,TcC,1,None
Hdd39Aa1,,P19,,,MNMNFDFEDHENKNLSVQEEHHHCSEGGEHKIAFCCVVSIPKGFKYVAHCDPKFVYNLDCLSVSKEKCRKVVPIEGCGCAEVDLHVLKVKGCISFVSNIEIEPIHECMTCSANPHKENIAVSCQDTVCVDQVLYCSVDCLPDCDINCDNVKICDVSIEPIGDCDCHAVKIKGKFSLHYK,1,,,,,,,,,P19,1,None
Hdd3Aa1,,P.alvei_alveolysin,ZP_10866820,,MKKKSNHLKGRKVLVSLLVSLQVFAFASISSAAPTEPNDIDMGIAGLNYNRNEVLAIQGDQISSFVPKEGIQSNGKFIVVERDKKSLTTSPVDISIVDSITNRTYPGAIQLANKDFADNQPSLVMAARKPLDISIDLPGLKNENTISVQNPNYGTVSSAIDQLVSTWGEKYSSTHTLPARLQYAESMVYSQNQISSALNVNAKVLNGTLGIDFNAVANGEKKVMVAAYKQIFYTVSAGLPNNPSDLFDDSVTFAELARKGVSNEAPPLMVSNVAYGRTIYVKLETTSKSNDVQTAFKLLLNNPSIQASGQYKDIYENSSFTAVVLGGDAQTHNQVVTKDFNVIQSVIKDNAQFSSKNPAYPISYTSVFLKDNSIAAVHNNTEYIETKTTEYSKGKIKLDHSGAYVAQFEVYWDEFSYDADGQEIVTRKSWDGNWRDRSAHFSTEIPLPPNAKNIRIFARECTGLAWEWWRTVVDEYNVPLASDINVSIWGTTLYPKSSITH,1,Paenibacillus alvei,,,,,"tox not shown?
Do not add at this time",,,,1,None
Hdd40Aa1,,P20,,,MTENGVFYKIFTTENNNFCINPTLLERVFKNNLDEFDFSLVKKNLEHEKNCVITSTMNQTISFENMNSTEMGHKTYSFLNQTVLDNKGNSSLEEQVSNIFYRCVYMEVGKSSSYIKPLEQDSNKIRYVCSLLFIVPYKNNITSIIPVNLQLTLLSKNVKQSSSTNIFSGDIHFNMVTMTYLT,1,,,,,,,,,P20,1,None
Hdd41Aa1,,S-layer-like,,,MAKTNSYKKVIAGTMTAAMVAGVVSPVAAAGKSFPDVQPGSWSAEYIDYLVAKKAIEGKPDGTFAPTEAIDRASAAKIMAITLGLEVKEGAKPSFKDAQDSWAAKYIAAVEKAGVIQGDETGKFNPNNQINRASMATMIVKAYKLDGKVSGQLETKFSDLKDHWGEKAANILVALDITNGTGNGWEPDKSVTRAEAAKFIAKTDMQFGQKAEAKVESIKAINAKEIEVKLGATVTEETVKNAKFTLSQGVDNVTVVDAKIGEAKKSVILTLEDGKRLEKNNAYVVTVEKLNTAEGKEIPKALEVIFFNDEVAPTVSTVSTPDGKVKVVFSEKLDAAKTVTVIVNGQKVEGKVENNTFTSNQALNLQNGKEFSIIVTGATDLADNTMEMYEGKATYKVEKDTTAPEVKDVKVKEITAEGKATLEVTFSEELATNGQGTVVVKKGKEELKSTIAVDAQDKTKAVIEVTGALKEKETATDLTVEFVGYKDAANNVGSKVSKAVKVSKDVVAPNFVKVEADQNKAATFTFDKEVTAQNGKLRVINLDTSKDVTADVTVAPAKDNKKGITLTFPAKGNYKVAATKGLVKDAAGNESVAFTKEVKVVEKEAEKETDKVAPVVKAVAYDKATNKVTVNFDKEVKGGQVAESAANVNNYTLAGAKLPEGTLIVLDGTKAIIELPSTFTFEKSETVKFTVANVANKDGVKMGTANLLLEVKDTKAPEFKSAKITKVDAKEITLTFSEAVNVDTTDFTVDLNGVELTVAKADATAEAAKDVVLKVTAPTDVNLATGTVTVKAKELENNAKYEFKTTDKAENALVAFKPVTATR,1,,,,,,,,,S-layer-like,1,None
Hdd42Aa1,,LF-like B_lat,,,MLHRQKIRKVLSTTAMLFALTATSPAFSYIAHAANGSHDVEDKKKEDKEKKDKKDKEDKEKKEREKKAREEGMREVIKGIVTTKGNSEDKQRLEDTQALVNKLSPEILEMYEKVGGKIHLTENSIAENPIVKGLSEKDKNIKDSEGKEVSVDSHFVFSIGGKNPTVIIHTEEYSESHTKSKEVYYEIGKAIARDTLGESAFVNESFLDAVHQAKADEDASALLLTHVPPYEGEYDTAYVKEHINDFREVFAQAFAYYYEPSYQPVLQAYAPEMFRYMNDMSKKGFNETNTHLMEKQTTPLDFQDDMDAAKEFGAKIKLSDTVVTKEDKKFMDGYVAYGPMLNRILRGVDKHPGISDIDLFIHGIDSLFKKEEAKLPNDLIVYRRTDEREFALPAGSLFTKDGNVNHDAINKLKKLEGKIKTDKGFISTSLALNSVPLGGNQESILIQMKLPKGTPAIYMDNSWLELLLKRDSSYKIINVKGIVLNGKIVVNIEAELLPEKQKK,1,,,,,,,,,LF-like B_lat,1,None
Hdd43Aa1,,PA_Vpb-like PA1 B_lat,,,MKLPKMYKCLLATALLGSFTAYPELSHAASSEKEIINDQEANFKGLLGYYFNDKELKETALISNSESGDLFADNDQIDDMLPDELKQFQSAMWRGFIKVEKSGEYTFSTSDNDHTMLWIDDHQVIDHSSATQKIELEKGKLYKIKITYQPESSSANEFGLQLNWITPQGREEIIPEGNLLLPDIKNQPENESSRKKRSISDSDDGVEDSDGDGIPDSLEIEGYTLDVKNKKLILMPWIEKVHGKKRTKSGAPLTKYTSSPMKWSTASDPYSDFAKVSGMIDKKVKVKHPLIAAYPNLQVHMDKFIISKNRNETLENGGNTSSSISGSTSTSNTHSTEASVGAEVHASLFNFGGSVSTNFSDSNSQTATIDRSSSESLGRNWSKSLGLNAGEAAYFNANIRYVNNGTAPIYEAAPTTSLVLGKNDTIATIKAKENHLANVVLPDRFYPDKDQAAISLQTKDDFGSSPITINKDQLNILEQTRQMRLETDQVSGYVGVIDPKTKLIVVDKDKQWSHIIPQIEETTARLILKTPDNSELERRVAAVDPDDYTEQTKPDVTLGEALQLAFGFEDKQGKLSYNNTSIDDFRLVFDEETAENIEKQLEDMETKNIYNVQLHARMNILISPKKDESGVHEGLSSWEIDGEDNYYKYDVLQTGWQTINGKKYYFNENGTLVPNKVIEDGTYQINTALKNTSLVDWNRSDNNITVWETNDGSNQKWKLKYDDSQQAYVIRSVENNDKIMAWNAYQNSTNVFATAFEGKPEHFWIPELLGNDFYILKNKKDPTKVLDVDGSGTSNGSNIQVLDYKGTDNQKWKLEQVEAN,1,,,,,,,,,PA_Vpb-like PA1 B_lat,1,None
Hdd44Aa1,,PA_Vpb-like PA2 B_lat,,,MKLPNMYKCLMATALLGQFATYPEISHAASHEKEVVTTQDASFKGLIGYYFNDKELKQTALISNSETGDLSIDSDQLDDMLPEELQQFQSAMWKGFIKVEKSGEYTFSTSDNDHTMLWIDDQQVIDHSSATQKIELEKGKLYKVKITYQPESSSANEFGLQLNWITPQGREEIVPEGNLLLPDIKNQPENESSRKKRSISDSDDGVEDSDGDGIPDSLEIEGYTLDVKNKKLILMPWIEKVHGKKRTKSGAPLTKYKSSPLKWSTASDPYSDFAKVSGMIDKQVQVRNPLLAAYPNLQVHMEKFIISKNRHETLENGGNTSSSISGSTSTSNTNSIEASIGSEVNASLFNFGASISTNLSTSNSQTVTIDRSSSESLGKNWSKSLGLNAGEAAYFNANIRYVNSGTAPIYDAAPTTSLVLGDNDTISTIKAKENQLANVVLPDRFYPNKDQAAISLQTKDDFGSSPITINKDQLDKLEQTQQMRLQTNQVSGYVGVIDPKTKLVSVDKEKQWSHIIPQIEETTARLILKTDDSETERRVAAIDPDDYTEQTKPDVTLGEALQLAFGFEDKDGTLYYNNKSIDEFKLVFDEETAENIEKQLEDMESENIYDVQLHARMNILIKPNNDEPIDEVEVSGWEEFDGEKYYNRFGVMQTGWQMIDGKRYYFNENGALVPNRVIEDGTYQIKTALKNTSLVDWNRSDNNITVWEKNNEDNQKWKLEYDDSHQAYVIRSLENNDKIMAWNAYQDSTNVFATAFEGKPEHFWIPEWIDNDFYILKNKKDLTKVLDVDGSNTSDGSNIQVRDYKGTDNQKWEVKLVKES,1,,,,,,,,,PA_Vpb-like PA2 B_lat,1,None
Hdd45Aa1,,Bt152 crystal associated,,,MWRKQQKNLNFAAPLGLIQSLVITSDPQYPWTDCQDSISFPNCNNPIVSPCSNRPENESTKEQRSAALIREQYNNINSYTDTVPNASVLINGDLTAFGHGWQWDKINELLRILKRPYYYGLGNHDIENNFNDCVNNGCFKNSMENLIAHVQTRGIPSTQFDYRTQPGEPYLGIPVTKHQGSFAYAVNFGSICSIQLQNFPTMNKQTGPTITDFNEYHIFENFDWVRTQLETARINGKTIIINVHKHQMLYDQYKNLFQQYGVAAIFAGHLHTNFGYQISYNNIPIFLSGGASQRTYLIIEQFSNRLDMYAVNCNDWRNRCLMSPIFNGEYQIVTALNNSSVVSLEGASNTNVILMSNNKADTQKWYLSYNSVKNGYVIRRNRASNIVLAWNAAGGTANVFTTQLIETYDAHYWAIERVNNSNEYIFKNKMNPDLVLEVAGSQTTNGTNIQVHARHPLNTSLRNQTFLIQPI,1,,,,,,,,,Bt152 crystal associated,1,None
Hdd46Aa1,,thermostable_direct_hemolysin_Vibrioparahaemolyticus,,,MKYRYFAKKSFLFISMLAAFKTFAFELPSVPFPAPGSDEILFVVRDTTFNTNAPVNVEVSDFWTNRNVKRKPYKDVYGQSVFTTSGTKWLTSYMTVNINDKDYTMAAVSGYKHGHSAVFVKSDQVQLQHSYDSVASFVGEDEDSIPSKMYLDETPEYFVNVEAYESGSGNILVMCISNKESFFECKHQQ,1,,,,,,,,,thermostable_direct_hemolysin_Vibrioparahaemolyticus,1,None
Hdd4Aa1,,C3 larvin,,2015,MGEKEYKAWEKKLRANEKELVKEYTANAKPFNTYLRANEGKLGFKPEIDKKILKLDEALKKSKLSETVQVYRGDDTSIFGKEFQNSIYQGNKVNRELFRKLRDEYQGKIRTEYGYLSTSIVSNQQFAMRPVLTTLKVPKGAHAGYVDKISQYKGQYELLLPRNTKYKIDKMYIIVNKGSETIKIEATVQP,1,Paenibacillus larvae,subsp.larvae BRL-230010,Krska et al,ADP-RT,"tox not shown?
Do not add at this time",,,"5DZQ, 4TR5",single chain ADP ribosylase,1,None
Hdd5Aa1,,Plx1,,2013,MLQKMNIMVKKTLLVLMITVLLGGSILPIQGTTHAQPPNNPNGAQAATIRWISELSFEILAMYLHRSLPVELFDIGFSWRNNEITDEDGKTKIPERQRLLRWDRRPPNEILINGFVPQVINADPSLEETNLFRYVKSNTKSIFVSTTKTKYKNGKRYQPWSPRTRDNGIVYQYEIFAPGGVDVNRSFGEQSPWPNQLEVAFPGGIRPEFIRSVRELQNGRIQRIWINPNFQDPGNLEGISASSSTEQVMWHPDHPDGNHKDPNVYSSTNSDEDMFGPNGDVPDEEELPIINNRIADGEYQIKTSLTQDMAATLNLDSSEVGSPHLVSSLNQRYDNQKWIFIYDNSKQAYKIKSRQKQDLVLSLAAEAAVIRGWKDNGEDGQYWRIESTNDGCYKVVSYANSKIVLDLDQSNTSNGTRIQGYLDNGSGAQKWAITPVMNQTIKDGEYQIKTSLDLNIVAGVSSDDNDVKLIENIRTDDEKWNFVYDSSKEAYVIKNAKNPELFLTMNRKEITVDEFSTYNQFWYVERTSDGYFKLRNADDPSLVIGLEAGSAENHNLLEGRPDTKEKDQRWAITPVMNQTIDDGEYEIKDGQNDIYLPELTSSNEVKSNEYNHGENQRWKFTFSPDKQAYKITSVSNPHVAFSWDSNNSNEIIGCEDQGFSDQYWYIEKTSDGLYKLRNYKDPSAVLDFGKIGQASVAYQGTKLILQRTDRPIIKDGMYNVSSKVDYEEVIDHDKDAAHLVNYDNNNCWEFVWNSDKKAYEIRSHRDSNQRLSTTGSGSPVIEKDELKRSADDLNAYWIIEYGIKGEGFLIRNLNHPEQLLRNSGGFLHVDYHDDDSENQLWNFLPHCFSKVLVDDNFENWDSSIFDNDGISTISNGSLILKKDSSLKSKEIKVEEGKYRVKLRNVSGGMCLDVNDNEGKDVTDLCTGRNNDEVVIDFNILSSTGLIFNLTSYGNSVEDSLDGFKLEQFKKFTDTK,1,Paenibacillus larvae,ERIC I,Funfhaus et al 2013,Mtx,"tox not shown?
Do not add at this time",,,,Mtx1-like ~31%,1,None
Hdd6Aa1,,Plx2A,,2013,MIDFRIDKEKAKKWGKKEYSKWKSTLTEEEKRQITLYTRNASPINTYLREEGIGSKPDMDKKIELIDKALIKTKLKDSVTVYRGTDGIIFGKEFQNTLMNGNKVNGEVAKKIKKEFEGTMLLERGYLSTSLVNGTLFLARPVLIELKIPKGGNAGYVDPISYYPGQLEMLLPRDTKYYIDNIKIIVNGGSQRLKVEARVLS,1,Paenibacillus larvae,ERIC I,Funfhaus et al 2013,Vpa low id,"tox not shown?
Do not add at this time",,,,Vpa low id ~20%,1,None
Hdd7Aa1,,Plx2B,,2013,MIQTEEKMLKAVGQFFYGDNFNELAFVVARGINGFKLDNRTLDGVDFKKTIQSVRWLANFTPKESGVYTFTINPHCFAHILIDGENAKDQEIQLEAGKSYPFVVAYFGNPMTEQEELLQLDVHYTFNQQETKEIEVETFSIPEIISFESLPMGTDSRTENKLPDTDEDGICDEWEVNGYYVKNNIAVFPWPKEGSQEEKELIKQGFKKFVSNPYESHTAGDPYSDLEKASGALDRTIHKVARDPLVAAYPSITVGMEELILSNNENISSTKGKTVSRSTSSSVSDSNTLGIDVSTGFSLFQGFSASVTGHYSHSSTHTVDSSNTSGQDWQHQLELNTGQSAYMNANVRYYNTGTAPVYNLVPTTNLVLGRQTIATVTGQLNQRSLSLTPGQTYPKQHLHGVALNTIDQFSSAPIALNINQLDRLESGEKLKLETTQFQGAFAKRSPAGGQVVLEENEWAHYMPQIESMTAGILINMGGNRFIERRVAAKDPLNPNDRTPELTLGEALEKSIGMFLDKENKNFYFIDEETGNRHIISPDLVHLVFDKKTEKKIKEEQERKPDIKTIYGMTIRPEMNIQINVPVLYDDFTKNSDKWSGGDYDTEHALYKGQCYEIGKEKEGVYRNFSLERNATYLIVMAVKGSPTKDKNIIVEIDGITGVKEFGNFKVDKDYKYEKMVLKTFGDMENHLKLHIKNNTNDPIYIDNFSIVKIGRGIDELEKENIEYAKNIKYTDKFYIYGISGEKIITNDRSLPVMKNKGETEQQKFSIQYWGNGTCKIIDTSTGHVLTWIEKLAFLVFSQNTGGTHKNQFWYLKKSTNPNQMGYQIINYLDRSKVLEYDTGKDGKVKDGGLIRIATLDENKPSQYFKFPQKV,1,Paenibacillus larvae,ERIC I,Funfhaus et al 2013,Tpp,"tox not shown?
Do not add at this time",,,,Tpp-like  ~28% id,1,None
Hdd8Aa1,,IPD072Aa,kt795291,2016,MGITVTNNSSNPIEVAINHWGSDGDTSFFSVGNGKQETWDRSDSRGFVLSLKKNGAQHPYYVQASSKIEVDNNAVKDQGRLIEPLS,1,Pseudomonas chloraphis,DuPont Pioneer SS143D5,Schellenberger et al ,Aegerolysin?,"WCR, NCR","Agrotis ipsilon
Helicoverpa zea
Ostrinia nubilalis
Spodoptera frugiperda
Pseudoplusia includens
Lygus hesperus",,,8 strand beta sandwich  looks a bit like Aegerolysin,1,None
Hdd9Aa1,,AfIP-1A,KU495732,2017,MTAKDIATEESKIRAYAQWMEITIFVVNSNFKVEGAYLRWGKFHVPGDKDKEISPSQINGTIIKDEDSYTIASCGRENASSGTEGGFSLYDGDKLVFEYYWDCPWSGSNSDELTVKDKENYTVIKKGGGSPSGAMGNIFITVVKKS,1,Alcaligenes faecalis,DDMC-P4G7,Yalpani et al,aegerolysin,"wcr, NCR, SCR","Ostrinia nubilalis
Helicoverpa zea
Spodoptera frugiperda
Agrotis ipsilon",,5v3s,"Cry34-like
acts with AfIP-1B",1,None
